Element, vertices.x, vertices.y, vertices.z, vertices.w
0,  10.90,  0.00, -0.449,  0.00
1,  10.811,  0.00, -0.449,  0.00
2,  10.811,  0.00,  0.00,  0.00
3,  10.90,  0.00,  0.00,  0.00
4,  10.90,  0.00, -0.322,  0.00
5,  10.91028,  0.00, -0.33315,  0.00
6,  10.92017,  0.00, -0.34313,  0.00
7,  10.92974,  0.00, -0.35198,  0.00
8,  10.93904,  0.00, -0.35974,  0.00
9,  10.94814,  0.00, -0.36644,  0.00
10,  10.95712,  0.00, -0.37212,  0.00
11,  10.96604,  0.00, -0.37683,  0.00
12,  10.97496,  0.00, -0.38059,  0.00
13,  10.98395,  0.00, -0.38345,  0.00
14,  10.99308,  0.00, -0.38545,  0.00
15,  11.00241,  0.00, -0.38662,  0.00
16,  11.012,  0.00, -0.387,  0.00
17,  11.02508,  0.00, -0.38612,  0.00
18,  11.03726,  0.00, -0.38351,  0.00
19,  11.04853,  0.00, -0.37925,  0.00
20,  11.05881,  0.00, -0.37341,  0.00
21,  11.06806,  0.00, -0.36605,  0.00
22,  11.07625,  0.00, -0.35725,  0.00
23,  11.0833,  0.00, -0.34707,  0.00
24,  11.08918,  0.00, -0.33559,  0.00
25,  11.09385,  0.00, -0.32287,  0.00
26,  11.09723,  0.00, -0.30899,  0.00
27,  11.0993,  0.00, -0.29401,  0.00
28,  11.10,  0.00, -0.278,  0.00
29,  11.10,  0.00,  0.00,  0.00
30,  11.189,  0.00,  0.00,  0.00
31,  11.189,  0.00, -0.277,  0.00
32,  11.18761,  0.00, -0.3064,  0.00
33,  11.18357,  0.00, -0.33312,  0.00
34,  11.17705,  0.00, -0.35717,  0.00
35,  11.16822,  0.00, -0.37859,  0.00
36,  11.15727,  0.00, -0.3974,  0.00
37,  11.14437,  0.00, -0.41363,  0.00
38,  11.1297,  0.00, -0.42728,  0.00
39,  11.11344,  0.00, -0.43841,  0.00
40,  11.09576,  0.00, -0.44702,  0.00
41,  11.07685,  0.00, -0.45313,  0.00
42,  11.05687,  0.00, -0.45679,  0.00
43,  11.036,  0.00, -0.458,  0.00
44,  11.02351,  0.00, -0.45748,  0.00
45,  11.01107,  0.00, -0.45595,  0.00
46,  10.99875,  0.00, -0.45342,  0.00
47,  10.98659,  0.00, -0.44993,  0.00
48,  10.97465,  0.00, -0.44549,  0.00
49,  10.96299,  0.00, -0.44012,  0.00
50,  10.95168,  0.00, -0.43387,  0.00
51,  10.94075,  0.00, -0.42674,  0.00
52,  10.93025,  0.00, -0.41877,  0.00
53,  10.92026,  0.00, -0.40997,  0.00
54,  10.91083,  0.00, -0.40037,  0.00
55,  10.902,  0.00, -0.39,  0.00
56,  10.90,  0.00, -0.39,  0.00
57,  10.687,  0.00,  0.00,  0.00
58,  10.687,  0.00, -0.449,  0.00
59,  10.598,  0.00, -0.449,  0.00
60,  10.598,  0.00, -0.128,  0.00
61,  10.59057,  0.00, -0.11815,  0.00
62,  10.58277,  0.00, -0.1091,  0.00
63,  10.57467,  0.00, -0.10086,  0.00
64,  10.56626,  0.00, -0.09344,  0.00
65,  10.55757,  0.00, -0.08686,  0.00
66,  10.54862,  0.00, -0.08112,  0.00
67,  10.53946,  0.00, -0.07624,  0.00
68,  10.53008,  0.00, -0.07222,  0.00
69,  10.52053,  0.00, -0.06908,  0.00
70,  10.5108,  0.00, -0.06682,  0.00
71,  10.50095,  0.00, -0.06546,  0.00
72,  10.491,  0.00, -0.065,  0.00
73,  10.47637,  0.00, -0.06575,  0.00
74,  10.463,  0.00, -0.06796,  0.00
75,  10.45089,  0.00, -0.07161,  0.00
76,  10.44003,  0.00, -0.07667,  0.00
77,  10.43044,  0.00, -0.0831,  0.00
78,  10.42213,  0.00, -0.09087,  0.00
79,  10.41507,  0.00, -0.09996,  0.00
80,  10.4093,  0.00, -0.11033,  0.00
81,  10.40479,  0.00, -0.12195,  0.00
82,  10.40159,  0.00, -0.13479,  0.00
83,  10.39964,  0.00, -0.14882,  0.00
84,  10.399,  0.00, -0.164,  0.00
85,  10.399,  0.00, -0.449,  0.00
86,  10.31,  0.00, -0.449,  0.00
87,  10.31,  0.00, -0.17,  0.00
88,  10.31132,  0.00, -0.14253,  0.00
89,  10.31516,  0.00, -0.11716,  0.00
90,  10.32142,  0.00, -0.09394,  0.00
91,  10.32997,  0.00, -0.07293,  0.00
92,  10.34066,  0.00, -0.05418,  0.00
93,  10.35337,  0.00, -0.03775,  0.00
94,  10.36799,  0.00, -0.0237,  0.00
95,  10.38437,  0.00, -0.01207,  0.00
96,  10.40239,  0.00, -0.00294,  0.00
97,  10.42192,  0.00,  0.00366,  0.00
98,  10.44284,  0.00,  0.00765,  0.00
99,  10.465,  0.00,  0.009,  0.00
100,  10.47615,  0.00,  0.00847,  0.00
101,  10.48756,  0.00,  0.00689,  0.00
102,  10.49914,  0.00,  0.00431,  0.00
103,  10.51081,  0.00,  0.00078,  0.00
104,  10.5225,  0.00, -0.00367,  0.00
105,  10.53413,  0.00, -0.009,  0.00
106,  10.5456,  0.00, -0.01516,  0.00
107,  10.55685,  0.00, -0.02211,  0.00
108,  10.5678,  0.00, -0.02981,  0.00
109,  10.57836,  0.00, -0.03822,  0.00
110,  10.58844,  0.00, -0.0473,  0.00
111,  10.598,  0.00, -0.057,  0.00
112,  10.598,  0.00,  0.00,  0.00
113,  10.296,  0.00, -0.682,  0.00
114,  10.27705,  0.00, -0.68668,  0.00
115,  10.25918,  0.00, -0.68976,  0.00
116,  10.24234,  0.00, -0.69131,  0.00
117,  10.22648,  0.00, -0.69141,  0.00
118,  10.21155,  0.00, -0.69011,  0.00
119,  10.1975,  0.00, -0.6875,  0.00
120,  10.18428,  0.00, -0.68364,  0.00
121,  10.17185,  0.00, -0.67859,  0.00
122,  10.16016,  0.00, -0.67244,  0.00
123,  10.14915,  0.00, -0.66524,  0.00
124,  10.13878,  0.00, -0.65707,  0.00
125,  10.129,  0.00, -0.648,  0.00
126,  10.12031,  0.00, -0.63885,  0.00
127,  10.11228,  0.00, -0.62932,  0.00
128,  10.10491,  0.00, -0.61925,  0.00
129,  10.09822,  0.00, -0.60852,  0.00
130,  10.09225,  0.00, -0.59698,  0.00
131,  10.087,  0.00, -0.5845,  0.00
132,  10.0825,  0.00, -0.57094,  0.00
133,  10.07878,  0.00, -0.55615,  0.00
134,  10.07584,  0.00, -0.54,  0.00
135,  10.07372,  0.00, -0.52235,  0.00
136,  10.07243,  0.00, -0.50306,  0.00
137,  10.072,  0.00, -0.482,  0.00
138,  10.072,  0.00, -0.449,  0.00
139,  10.009,  0.00, -0.449,  0.00
140,  10.009,  0.00, -0.369,  0.00
141,  10.072,  0.00, -0.369,  0.00
142,  10.072,  0.00,  0.00,  0.00
143,  10.161,  0.00,  0.00,  0.00
144,  10.161,  0.00, -0.369,  0.00
145,  10.242,  0.00, -0.369,  0.00
146,  10.242,  0.00, -0.449,  0.00
147,  10.161,  0.00, -0.449,  0.00
148,  10.161,  0.00, -0.492,  0.00
149,  10.1615,  0.00, -0.50868,  0.00
150,  10.16304,  0.00, -0.52418,  0.00
151,  10.16572,  0.00, -0.53845,  0.00
152,  10.16963,  0.00, -0.55144,  0.00
153,  10.17486,  0.00, -0.5631,  0.00
154,  10.1815,  0.00, -0.57337,  0.00
155,  10.18964,  0.00, -0.58221,  0.00
156,  10.19937,  0.00, -0.58956,  0.00
157,  10.21078,  0.00, -0.59536,  0.00
158,  10.22397,  0.00, -0.59957,  0.00
159,  10.23901,  0.00, -0.60213,  0.00
160,  10.256,  0.00, -0.603,  0.00
161,  10.25986,  0.00, -0.60296,  0.00
162,  10.26347,  0.00, -0.60282,  0.00
163,  10.26689,  0.00, -0.60259,  0.00
164,  10.27015,  0.00, -0.60226,  0.00
165,  10.2733,  0.00, -0.60181,  0.00
166,  10.27638,  0.00, -0.60125,  0.00
167,  10.27944,  0.00, -0.60056,  0.00
168,  10.28252,  0.00, -0.59974,  0.00
169,  10.28567,  0.00, -0.59878,  0.00
170,  10.28894,  0.00, -0.59768,  0.00
171,  10.29237,  0.00, -0.59642,  0.00
172,  10.296,  0.00, -0.595,  0.00
173,  9.494,  0.00,  0.075,  0.00
174,  9.494,  0.00,  0.125,  0.00
175,  10.00601,  0.00,  0.125,  0.00
176,  10.006,  0.00,  0.075,  0.00
177,  9.081,  0.00, -0.569,  0.00
178,  9.09245,  0.00, -0.57398,  0.00
179,  9.10334,  0.00, -0.57844,  0.00
180,  9.11375,  0.00, -0.58239,  0.00
181,  9.12374,  0.00, -0.58585,  0.00
182,  9.13338,  0.00, -0.58884,  0.00
183,  9.14275,  0.00, -0.59137,  0.00
184,  9.15191,  0.00, -0.59347,  0.00
185,  9.16093,  0.00, -0.59515,  0.00
186,  9.16988,  0.00, -0.59642,  0.00
187,  9.17882,  0.00, -0.59731,  0.00
188,  9.18784,  0.00, -0.59783,  0.00
189,  9.197,  0.00, -0.598,  0.00
190,  9.21445,  0.00, -0.5972,  0.00
191,  9.23074,  0.00, -0.59482,  0.00
192,  9.24582,  0.00, -0.59092,  0.00
193,  9.25959,  0.00, -0.58556,  0.00
194,  9.27202,  0.00, -0.57877,  0.00
195,  9.283,  0.00, -0.57063,  0.00
196,  9.29249,  0.00, -0.56116,  0.00
197,  9.30041,  0.00, -0.55044,  0.00
198,  9.30669,  0.00, -0.53852,  0.00
199,  9.31126,  0.00, -0.52543,  0.00
200,  9.31405,  0.00, -0.51124,  0.00
201,  9.315,  0.00, -0.496,  0.00
202,  9.31406,  0.00, -0.48103,  0.00
203,  9.31125,  0.00, -0.46714,  0.00
204,  9.30656,  0.00, -0.45437,  0.00
205,  9.30,  0.00, -0.44278,  0.00
206,  9.29157,  0.00, -0.43239,  0.00
207,  9.28125,  0.00, -0.42325,  0.00
208,  9.26907,  0.00, -0.4154,  0.00
209,  9.255,  0.00, -0.40889,  0.00
210,  9.23907,  0.00, -0.40375,  0.00
211,  9.22125,  0.00, -0.40003,  0.00
212,  9.20156,  0.00, -0.39776,  0.00
213,  9.18,  0.00, -0.397,  0.00
214,  9.18,  0.00, -0.307,  0.00
215,  9.20325,  0.00, -0.30709,  0.00
216,  9.22449,  0.00, -0.30494,  0.00
217,  9.24373,  0.00, -0.30072,  0.00
218,  9.26097,  0.00, -0.29456,  0.00
219,  9.27618,  0.00, -0.2866,  0.00
220,  9.28937,  0.00, -0.277,  0.00
221,  9.30055,  0.00, -0.2659,  0.00
222,  9.3097,  0.00, -0.25344,  0.00
223,  9.31683,  0.00, -0.23978,  0.00
224,  9.32192,  0.00, -0.22506,  0.00
225,  9.32498,  0.00, -0.20941,  0.00
226,  9.326,  0.00, -0.193,  0.00
227,  9.32512,  0.00, -0.17699,  0.00
228,  9.32251,  0.00, -0.16201,  0.00
229,  9.31824,  0.00, -0.14812,  0.00
230,  9.31237,  0.00, -0.13541,  0.00
231,  9.30498,  0.00, -0.12393,  0.00
232,  9.29613,  0.00, -0.11375,  0.00
233,  9.28587,  0.00, -0.10495,  0.00
234,  9.27429,  0.00, -0.09759,  0.00
235,  9.26145,  0.00, -0.09175,  0.00
236,  9.24741,  0.00, -0.08749,  0.00
237,  9.23224,  0.00, -0.08488,  0.00
238,  9.21601,  0.00, -0.084,  0.00
239,  9.2035,  0.00, -0.08435,  0.00
240,  9.19099,  0.00, -0.08542,  0.00
241,  9.17847,  0.00, -0.0872,  0.00
242,  9.16593,  0.00, -0.0897,  0.00
243,  9.15335,  0.00, -0.09293,  0.00
244,  9.14075,  0.00, -0.09687,  0.00
245,  9.12811,  0.00, -0.10155,  0.00
246,  9.11541,  0.00, -0.10696,  0.00
247,  9.10265,  0.00, -0.11311,  0.00
248,  9.08984,  0.00, -0.11999,  0.00
249,  9.07697,  0.00, -0.12762,  0.00
250,  9.06401,  0.00, -0.136,  0.00
251,  9.064,  0.00, -0.03,  0.00
252,  9.07625,  0.00, -0.02398,  0.00
253,  9.08849,  0.00, -0.01843,  0.00
254,  9.10072,  0.00, -0.01336,  0.00
255,  9.11292,  0.00, -0.00878,  0.00
256,  9.1251,  0.00, -0.0047,  0.00
257,  9.13725,  0.00, -0.00112,  0.00
258,  9.14935,  0.00,  0.00192,  0.00
259,  9.16141,  0.00,  0.00444,  0.00
260,  9.1734,  0.00,  0.00642,  0.00
261,  9.18534,  0.00,  0.00785,  0.00
262,  9.19721,  0.00,  0.00871,  0.00
263,  9.209,  0.00,  0.009,  0.00
264,  9.2397,  0.00,  0.00726,  0.00
265,  9.26867,  0.00,  0.00214,  0.00
266,  9.29575,  0.00, -0.00619,  0.00
267,  9.32074,  0.00, -0.01756,  0.00
268,  9.34347,  0.00, -0.0318,  0.00
269,  9.36375,  0.00, -0.04875,  0.00
270,  9.3814,  0.00, -0.06824,  0.00
271,  9.39626,  0.00, -0.09011,  0.00
272,  9.40813,  0.00, -0.11419,  0.00
273,  9.41683,  0.00, -0.14031,  0.00
274,  9.42218,  0.00, -0.1683,  0.00
275,  9.424,  0.00, -0.198,  0.00
276,  9.42337,  0.00, -0.21549,  0.00
277,  9.42147,  0.00, -0.23285,  0.00
278,  9.41826,  0.00, -0.24989,  0.00
279,  9.41371,  0.00, -0.26644,  0.00
280,  9.4078,  0.00, -0.28233,  0.00
281,  9.4005,  0.00, -0.29737,  0.00
282,  9.39179,  0.00, -0.3114,  0.00
283,  9.38163,  0.00, -0.32422,  0.00
284,  9.37,  0.00, -0.33567,  0.00
285,  9.35687,  0.00, -0.34557,  0.00
286,  9.34222,  0.00, -0.35374,  0.00
287,  9.326,  0.00, -0.36,  0.00
288,  9.34073,  0.00, -0.3687,  0.00
289,  9.35397,  0.00, -0.37786,  0.00
290,  9.36575,  0.00, -0.38756,  0.00
291,  9.37612,  0.00, -0.39789,  0.00
292,  9.3851,  0.00, -0.40892,  0.00
293,  9.39275,  0.00, -0.42075,  0.00
294,  9.39911,  0.00, -0.43345,  0.00
295,  9.40422,  0.00, -0.44711,  0.00
296,  9.40812,  0.00, -0.46181,  0.00
297,  9.41086,  0.00, -0.47764,  0.00
298,  9.41247,  0.00, -0.49467,  0.00
299,  9.413,  0.00, -0.513,  0.00
300,  9.41137,  0.00, -0.53919,  0.00
301,  9.40658,  0.00, -0.56368,  0.00
302,  9.39876,  0.00, -0.58637,  0.00
303,  9.38799,  0.00, -0.60715,  0.00
304,  9.37446,  0.00, -0.62589,  0.00
305,  9.35825,  0.00, -0.6425,  0.00
306,  9.3395,  0.00, -0.65686,  0.00
307,  9.31833,  0.00, -0.66885,  0.00
308,  9.29487,  0.00, -0.67838,  0.00
309,  9.26925,  0.00, -0.68532,  0.00
310,  9.24158,  0.00, -0.68956,  0.00
311,  9.212,  0.00, -0.691,  0.00
312,  9.19949,  0.00, -0.69081,  0.00
313,  9.18744,  0.00, -0.69024,  0.00
314,  9.17578,  0.00, -0.68928,  0.00
315,  9.16448,  0.00, -0.68793,  0.00
316,  9.15349,  0.00, -0.68617,  0.00
317,  9.14275,  0.00, -0.684,  0.00
318,  9.13223,  0.00, -0.68142,  0.00
319,  9.12186,  0.00, -0.67841,  0.00
320,  9.11159,  0.00, -0.67497,  0.00
321,  9.1014,  0.00, -0.67109,  0.00
322,  9.09121,  0.00, -0.66677,  0.00
323,  9.081,  0.00, -0.662,  0.00
324,  8.673,  0.00, -0.449,  0.00
325,  8.673,  0.00,  0.00,  0.00
326,  8.762,  0.00,  0.00,  0.00
327,  8.762,  0.00, -0.235,  0.00
328,  8.76298,  0.00, -0.25389,  0.00
329,  8.76584,  0.00, -0.27196,  0.00
330,  8.77045,  0.00, -0.28905,  0.00
331,  8.7767,  0.00, -0.305,  0.00
332,  8.78446,  0.00, -0.31966,  0.00
333,  8.79362,  0.00, -0.33288,  0.00
334,  8.80405,  0.00, -0.34448,  0.00
335,  8.81563,  0.00, -0.35433,  0.00
336,  8.82823,  0.00, -0.36227,  0.00
337,  8.84175,  0.00, -0.36812,  0.00
338,  8.85604,  0.00, -0.37176,  0.00
339,  8.871,  0.00, -0.373,  0.00
340,  8.87653,  0.00, -0.37263,  0.00
341,  8.88257,  0.00, -0.37155,  0.00
342,  8.88903,  0.00, -0.36978,  0.00
343,  8.89585,  0.00, -0.36737,  0.00
344,  8.90295,  0.00, -0.36435,  0.00
345,  8.91025,  0.00, -0.36075,  0.00
346,  8.91767,  0.00, -0.35661,  0.00
347,  8.92515,  0.00, -0.35196,  0.00
348,  8.93259,  0.00, -0.34684,  0.00
349,  8.93993,  0.00, -0.34129,  0.00
350,  8.94709,  0.00, -0.33533,  0.00
351,  8.95401,  0.00, -0.329,  0.00
352,  9.00099,  0.00, -0.406,  0.00
353,  8.99181,  0.00, -0.41438,  0.00
354,  8.98273,  0.00, -0.422,  0.00
355,  8.97373,  0.00, -0.42889,  0.00
356,  8.96482,  0.00, -0.43504,  0.00
357,  8.95595,  0.00, -0.44045,  0.00
358,  8.94712,  0.00, -0.44513,  0.00
359,  8.93832,  0.00, -0.44907,  0.00
360,  8.92952,  0.00, -0.4523,  0.00
361,  8.9207,  0.00, -0.4548,  0.00
362,  8.91185,  0.00, -0.45658,  0.00
363,  8.90296,  0.00, -0.45764,  0.00
364,  8.894,  0.00, -0.458,  0.00
365,  8.88348,  0.00, -0.45731,  0.00
366,  8.87292,  0.00, -0.45519,  0.00
367,  8.8623,  0.00, -0.45161,  0.00
368,  8.85163,  0.00, -0.44652,  0.00
369,  8.84091,  0.00, -0.43987,  0.00
370,  8.83013,  0.00, -0.43163,  0.00
371,  8.81928,  0.00, -0.42173,  0.00
372,  8.80837,  0.00, -0.41015,  0.00
373,  8.79739,  0.00, -0.39683,  0.00
374,  8.78634,  0.00, -0.38173,  0.00
375,  8.77521,  0.00, -0.3648,  0.00
376,  8.764,  0.00, -0.346,  0.00
377,  8.762,  0.00, -0.346,  0.00
378,  8.762,  0.00, -0.449,  0.00
379,  8.502,  0.00, -0.691,  0.00
380,  8.46,  0.00, -0.691,  0.00
381,  8.115,  0.00, -0.269,  0.00
382,  8.115,  0.00, -0.224,  0.00
383,  8.404,  0.00, -0.224,  0.00
384,  8.404,  0.00,  0.00,  0.00
385,  8.502,  0.00,  0.00,  0.00
386,  8.502,  0.00, -0.224,  0.00
387,  8.575,  0.00, -0.224,  0.00
388,  8.575,  0.00, -0.312,  0.00
389,  8.50201,  0.00, -0.312,  0.00
390,  8.402,  0.00, -0.506,  0.00
391,  8.404,  0.00, -0.506,  0.00
392,  8.40401,  0.00, -0.312,  0.00
393,  8.24601,  0.00, -0.312,  0.00
394,  7.598,  0.00,  0.075,  0.00
395,  7.59801,  0.00,  0.125,  0.00
396,  8.11,  0.00,  0.125,  0.00
397,  8.11,  0.00,  0.075,  0.00
398,  7.508,  0.00, -0.682,  0.00
399,  7.205,  0.00, -0.682,  0.00
400,  7.20499,  0.00, -0.327,  0.00
401,  7.24121,  0.00, -0.33386,  0.00
402,  7.27479,  0.00, -0.33665,  0.00
403,  7.30562,  0.00, -0.33567,  0.00
404,  7.33363,  0.00, -0.33122,  0.00
405,  7.35871,  0.00, -0.32361,  0.00
406,  7.38075,  0.00, -0.31313,  0.00
407,  7.39967,  0.00, -0.30008,  0.00
408,  7.41537,  0.00, -0.28478,  0.00
409,  7.42775,  0.00, -0.26752,  0.00
410,  7.43672,  0.00, -0.2486,  0.00
411,  7.44216,  0.00, -0.22832,  0.00
412,  7.44401,  0.00, -0.207,  0.00
413,  7.4427,  0.00, -0.1905,  0.00
414,  7.4389,  0.00, -0.17462,  0.00
415,  7.4328,  0.00, -0.15952,  0.00
416,  7.42456,  0.00, -0.14533,  0.00
417,  7.41435,  0.00, -0.13223,  0.00
418,  7.40237,  0.00, -0.12037,  0.00
419,  7.38879,  0.00, -0.10991,  0.00
420,  7.37379,  0.00, -0.101,  0.00
421,  7.35752,  0.00, -0.0938,  0.00
422,  7.34018,  0.00, -0.08846,  0.00
423,  7.32195,  0.00, -0.08514,  0.00
424,  7.303,  0.00, -0.084,  0.00
425,  7.2905,  0.00, -0.08435,  0.00
426,  7.27801,  0.00, -0.08541,  0.00
427,  7.26552,  0.00, -0.08717,  0.00
428,  7.25304,  0.00, -0.08963,  0.00
429,  7.24058,  0.00, -0.09278,  0.00
430,  7.22813,  0.00, -0.09663,  0.00
431,  7.2157,  0.00, -0.10116,  0.00
432,  7.2033,  0.00, -0.10637,  0.00
433,  7.19092,  0.00, -0.11227,  0.00
434,  7.17858,  0.00, -0.11884,  0.00
435,  7.16627,  0.00, -0.12608,  0.00
436,  7.154,  0.00, -0.134,  0.00
437,  7.15401,  0.00, -0.033,  0.00
438,  7.16852,  0.00, -0.02587,  0.00
439,  7.18262,  0.00, -0.01947,  0.00
440,  7.19638,  0.00, -0.01378,  0.00
441,  7.20989,  0.00, -0.00878,  0.00
442,  7.22323,  0.00, -0.00444,  0.00
443,  7.2365,  0.00, -0.00075,  0.00
444,  7.24976,  0.00,  0.00232,  0.00
445,  7.26311,  0.00,  0.00478,  0.00
446,  7.27663,  0.00,  0.00666,  0.00
447,  7.29038,  0.00,  0.00797,  0.00
448,  7.30449,  0.00,  0.00875,  0.00
449,  7.319,  0.00,  0.009,  0.00
450,  7.35048,  0.00,  0.00712,  0.00
451,  7.38031,  0.00,  0.0016,  0.00
452,  7.40826,  0.00, -0.00734,  0.00
453,  7.43415,  0.00, -0.01952,  0.00
454,  7.45775,  0.00, -0.03472,  0.00
455,  7.47888,  0.00, -0.05275,  0.00
456,  7.49731,  0.00, -0.0734,  0.00
457,  7.51285,  0.00, -0.09648,  0.00
458,  7.5253,  0.00, -0.12178,  0.00
459,  7.53444,  0.00, -0.1491,  0.00
460,  7.54008,  0.00, -0.17824,  0.00
461,  7.542,  0.00, -0.209,  0.00
462,  7.54007,  0.00, -0.23985,  0.00
463,  7.53433,  0.00, -0.26923,  0.00
464,  7.52491,  0.00, -0.29686,  0.00
465,  7.51193,  0.00, -0.32248,  0.00
466,  7.49551,  0.00, -0.34583,  0.00
467,  7.47576,  0.00, -0.36663,  0.00
468,  7.45279,  0.00, -0.38461,  0.00
469,  7.42674,  0.00, -0.39952,  0.00
470,  7.39772,  0.00, -0.41108,  0.00
471,  7.36584,  0.00, -0.41902,  0.00
472,  7.33123,  0.00, -0.42309,  0.00
473,  7.294,  0.00, -0.423,  0.00
474,  7.294,  0.00, -0.594,  0.00
475,  7.508,  0.00, -0.594,  0.00
476,  7.07,  0.00, -0.093,  0.00
477,  6.80901,  0.00, -0.093,  0.00
478,  6.8451,  0.00, -0.13648,  0.00
479,  6.87748,  0.00, -0.17666,  0.00
480,  6.90625,  0.00, -0.21391,  0.00
481,  6.93152,  0.00, -0.24859,  0.00
482,  6.95339,  0.00, -0.28109,  0.00
483,  6.972,  0.00, -0.31175,  0.00
484,  6.98744,  0.00, -0.34096,  0.00
485,  6.99981,  0.00, -0.36907,  0.00
486,  7.00925,  0.00, -0.39647,  0.00
487,  7.01585,  0.00, -0.42351,  0.00
488,  7.01973,  0.00, -0.45056,  0.00
489,  7.021,  0.00, -0.478,  0.00
490,  7.01926,  0.00, -0.50866,  0.00
491,  7.01413,  0.00, -0.53753,  0.00
492,  7.00579,  0.00, -0.56444,  0.00
493,  6.99441,  0.00, -0.58922,  0.00
494,  6.98013,  0.00, -0.61172,  0.00
495,  6.96313,  0.00, -0.63175,  0.00
496,  6.94355,  0.00, -0.64916,  0.00
497,  6.92159,  0.00, -0.66378,  0.00
498,  6.89739,  0.00, -0.67544,  0.00
499,  6.87112,  0.00, -0.68397,  0.00
500,  6.84293,  0.00, -0.68922,  0.00
501,  6.813,  0.00, -0.691,  0.00
502,  6.79933,  0.00, -0.69056,  0.00
503,  6.7858,  0.00, -0.68924,  0.00
504,  6.77237,  0.00, -0.68703,  0.00
505,  6.75904,  0.00, -0.68393,  0.00
506,  6.74576,  0.00, -0.67992,  0.00
507,  6.7325,  0.00, -0.675,  0.00
508,  6.71924,  0.00, -0.66917,  0.00
509,  6.70597,  0.00, -0.66241,  0.00
510,  6.69262,  0.00, -0.65472,  0.00
511,  6.67921,  0.00, -0.64609,  0.00
512,  6.66567,  0.00, -0.63652,  0.00
513,  6.652,  0.00, -0.626,  0.00
514,  6.652,  0.00, -0.503,  0.00
515,  6.66565,  0.00, -0.51951,  0.00
516,  6.6791,  0.00, -0.53412,  0.00
517,  6.69237,  0.00, -0.54691,  0.00
518,  6.70548,  0.00, -0.55796,  0.00
519,  6.71843,  0.00, -0.56738,  0.00
520,  6.73125,  0.00, -0.57525,  0.00
521,  6.74394,  0.00, -0.58166,  0.00
522,  6.75652,  0.00, -0.5867,  0.00
523,  6.769,  0.00, -0.59047,  0.00
524,  6.7814,  0.00, -0.59305,  0.00
525,  6.79373,  0.00, -0.59453,  0.00
526,  6.806,  0.00, -0.595,  0.00
527,  6.82238,  0.00, -0.59391,  0.00
528,  6.83793,  0.00, -0.59073,  0.00
529,  6.85255,  0.00, -0.58555,  0.00
530,  6.86611,  0.00, -0.57848,  0.00
531,  6.87851,  0.00, -0.56964,  0.00
532,  6.88963,  0.00, -0.55913,  0.00
533,  6.89935,  0.00, -0.54705,  0.00
534,  6.90755,  0.00, -0.53352,  0.00
535,  6.91414,  0.00, -0.51864,  0.00
536,  6.91899,  0.00, -0.50252,  0.00
537,  6.92198,  0.00, -0.48527,  0.00
538,  6.923,  0.00, -0.467,  0.00
539,  6.92267,  0.00, -0.4532,  0.00
540,  6.92167,  0.00, -0.44021,  0.00
541,  6.92,  0.00, -0.42788,  0.00
542,  6.91767,  0.00, -0.41604,  0.00
543,  6.91467,  0.00, -0.40455,  0.00
544,  6.911,  0.00, -0.39325,  0.00
545,  6.90667,  0.00, -0.38199,  0.00
546,  6.90167,  0.00, -0.37063,  0.00
547,  6.896,  0.00, -0.359,  0.00
548,  6.88966,  0.00, -0.34695,  0.00
549,  6.88267,  0.00, -0.33434,  0.00
550,  6.875,  0.00, -0.321,  0.00
551,  6.85959,  0.00, -0.29576,  0.00
552,  6.84252,  0.00, -0.26969,  0.00
553,  6.82405,  0.00, -0.24297,  0.00
554,  6.80444,  0.00, -0.21581,  0.00
555,  6.78397,  0.00, -0.18843,  0.00
556,  6.76288,  0.00, -0.161,  0.00
557,  6.74143,  0.00, -0.13374,  0.00
558,  6.71989,  0.00, -0.10685,  0.00
559,  6.69852,  0.00, -0.08053,  0.00
560,  6.67757,  0.00, -0.05498,  0.00
561,  6.65731,  0.00, -0.0304,  0.00
562,  6.638,  0.00, -0.007,  0.00
563,  6.638,  0.00,  0.00,  0.00
564,  7.07,  0.00,  0.00,  0.00
565,  6.185,  0.00, -0.569,  0.00
566,  6.19645,  0.00, -0.57398,  0.00
567,  6.20734,  0.00, -0.57844,  0.00
568,  6.21775,  0.00, -0.58239,  0.00
569,  6.22774,  0.00, -0.58585,  0.00
570,  6.23738,  0.00, -0.58884,  0.00
571,  6.24675,  0.00, -0.59137,  0.00
572,  6.25591,  0.00, -0.59347,  0.00
573,  6.26493,  0.00, -0.59515,  0.00
574,  6.27388,  0.00, -0.59642,  0.00
575,  6.28282,  0.00, -0.59731,  0.00
576,  6.29184,  0.00, -0.59783,  0.00
577,  6.301,  0.00, -0.598,  0.00
578,  6.31845,  0.00, -0.5972,  0.00
579,  6.33474,  0.00, -0.59482,  0.00
580,  6.34982,  0.00, -0.59092,  0.00
581,  6.36359,  0.00, -0.58556,  0.00
582,  6.37602,  0.00, -0.57877,  0.00
583,  6.387,  0.00, -0.57063,  0.00
584,  6.39649,  0.00, -0.56116,  0.00
585,  6.40441,  0.00, -0.55044,  0.00
586,  6.41069,  0.00, -0.53852,  0.00
587,  6.41526,  0.00, -0.52543,  0.00
588,  6.41805,  0.00, -0.51124,  0.00
589,  6.419,  0.00, -0.496,  0.00
590,  6.41806,  0.00, -0.48103,  0.00
591,  6.41525,  0.00, -0.46714,  0.00
592,  6.41056,  0.00, -0.45437,  0.00
593,  6.404,  0.00, -0.44278,  0.00
594,  6.39557,  0.00, -0.43239,  0.00
595,  6.38525,  0.00, -0.42325,  0.00
596,  6.37307,  0.00, -0.4154,  0.00
597,  6.359,  0.00, -0.40889,  0.00
598,  6.34307,  0.00, -0.40375,  0.00
599,  6.32525,  0.00, -0.40003,  0.00
600,  6.30556,  0.00, -0.39776,  0.00
601,  6.284,  0.00, -0.397,  0.00
602,  6.284,  0.00, -0.307,  0.00
603,  6.30725,  0.00, -0.30709,  0.00
604,  6.32849,  0.00, -0.30494,  0.00
605,  6.34773,  0.00, -0.30072,  0.00
606,  6.36497,  0.00, -0.29456,  0.00
607,  6.38018,  0.00, -0.2866,  0.00
608,  6.39337,  0.00, -0.277,  0.00
609,  6.40455,  0.00, -0.2659,  0.00
610,  6.4137,  0.00, -0.25344,  0.00
611,  6.42083,  0.00, -0.23978,  0.00
612,  6.42592,  0.00, -0.22506,  0.00
613,  6.42898,  0.00, -0.20941,  0.00
614,  6.43,  0.00, -0.193,  0.00
615,  6.42912,  0.00, -0.17699,  0.00
616,  6.42651,  0.00, -0.16201,  0.00
617,  6.42224,  0.00, -0.14812,  0.00
618,  6.41637,  0.00, -0.13541,  0.00
619,  6.40898,  0.00, -0.12393,  0.00
620,  6.40013,  0.00, -0.11375,  0.00
621,  6.38988,  0.00, -0.10495,  0.00
622,  6.3783,  0.00, -0.09759,  0.00
623,  6.36545,  0.00, -0.09175,  0.00
624,  6.35141,  0.00, -0.08749,  0.00
625,  6.33624,  0.00, -0.08488,  0.00
626,  6.32,  0.00, -0.084,  0.00
627,  6.3075,  0.00, -0.08435,  0.00
628,  6.29498,  0.00, -0.08542,  0.00
629,  6.28247,  0.00, -0.0872,  0.00
630,  6.26993,  0.00, -0.0897,  0.00
631,  6.25736,  0.00, -0.09293,  0.00
632,  6.24476,  0.00, -0.09687,  0.00
633,  6.2321,  0.00, -0.10155,  0.00
634,  6.21941,  0.00, -0.10696,  0.00
635,  6.20666,  0.00, -0.11311,  0.00
636,  6.19384,  0.00, -0.11999,  0.00
637,  6.18096,  0.00, -0.12762,  0.00
638,  6.16801,  0.00, -0.136,  0.00
639,  6.168,  0.00, -0.03,  0.00
640,  6.18025,  0.00, -0.02398,  0.00
641,  6.19249,  0.00, -0.01843,  0.00
642,  6.20472,  0.00, -0.01336,  0.00
643,  6.21692,  0.00, -0.00878,  0.00
644,  6.2291,  0.00, -0.0047,  0.00
645,  6.24125,  0.00, -0.00112,  0.00
646,  6.25335,  0.00,  0.00192,  0.00
647,  6.2654,  0.00,  0.00444,  0.00
648,  6.2774,  0.00,  0.00642,  0.00
649,  6.28934,  0.00,  0.00785,  0.00
650,  6.30121,  0.00,  0.00871,  0.00
651,  6.313,  0.00,  0.009,  0.00
652,  6.3437,  0.00,  0.00726,  0.00
653,  6.37268,  0.00,  0.00214,  0.00
654,  6.39975,  0.00, -0.00619,  0.00
655,  6.42474,  0.00, -0.01756,  0.00
656,  6.44747,  0.00, -0.0318,  0.00
657,  6.46775,  0.00, -0.04875,  0.00
658,  6.48541,  0.00, -0.06824,  0.00
659,  6.50026,  0.00, -0.09011,  0.00
660,  6.51213,  0.00, -0.11419,  0.00
661,  6.52083,  0.00, -0.14031,  0.00
662,  6.52618,  0.00, -0.1683,  0.00
663,  6.528,  0.00, -0.198,  0.00
664,  6.52738,  0.00, -0.21549,  0.00
665,  6.52547,  0.00, -0.23285,  0.00
666,  6.52226,  0.00, -0.24989,  0.00
667,  6.51771,  0.00, -0.26644,  0.00
668,  6.5118,  0.00, -0.28233,  0.00
669,  6.5045,  0.00, -0.29737,  0.00
670,  6.49579,  0.00, -0.3114,  0.00
671,  6.48563,  0.00, -0.32422,  0.00
672,  6.474,  0.00, -0.33567,  0.00
673,  6.46087,  0.00, -0.34557,  0.00
674,  6.44622,  0.00, -0.35374,  0.00
675,  6.43,  0.00, -0.36,  0.00
676,  6.44473,  0.00, -0.3687,  0.00
677,  6.45797,  0.00, -0.37786,  0.00
678,  6.46975,  0.00, -0.38756,  0.00
679,  6.48012,  0.00, -0.39789,  0.00
680,  6.4891,  0.00, -0.40892,  0.00
681,  6.49675,  0.00, -0.42075,  0.00
682,  6.50311,  0.00, -0.43345,  0.00
683,  6.50822,  0.00, -0.44711,  0.00
684,  6.51213,  0.00, -0.46181,  0.00
685,  6.51486,  0.00, -0.47764,  0.00
686,  6.51647,  0.00, -0.49467,  0.00
687,  6.51701,  0.00, -0.513,  0.00
688,  6.51537,  0.00, -0.53919,  0.00
689,  6.51058,  0.00, -0.56368,  0.00
690,  6.50275,  0.00, -0.58637,  0.00
691,  6.492,  0.00, -0.60715,  0.00
692,  6.47846,  0.00, -0.62589,  0.00
693,  6.46225,  0.00, -0.6425,  0.00
694,  6.4435,  0.00, -0.65686,  0.00
695,  6.42233,  0.00, -0.66885,  0.00
696,  6.39888,  0.00, -0.67838,  0.00
697,  6.37325,  0.00, -0.68532,  0.00
698,  6.34558,  0.00, -0.68956,  0.00
699,  6.316,  0.00, -0.691,  0.00
700,  6.3035,  0.00, -0.69081,  0.00
701,  6.29144,  0.00, -0.69024,  0.00
702,  6.27978,  0.00, -0.68928,  0.00
703,  6.26848,  0.00, -0.68793,  0.00
704,  6.25749,  0.00, -0.68617,  0.00
705,  6.24675,  0.00, -0.684,  0.00
706,  6.23623,  0.00, -0.68142,  0.00
707,  6.22586,  0.00, -0.67841,  0.00
708,  6.21559,  0.00, -0.67497,  0.00
709,  6.2054,  0.00, -0.67109,  0.00
710,  6.19521,  0.00, -0.66677,  0.00
711,  6.185,  0.00, -0.662,  0.00
712,  6.045,  0.00, -0.682,  0.00
713,  5.956,  0.00, -0.682,  0.00
714,  5.956,  0.00, -0.44,  0.00
715,  5.94716,  0.00, -0.44309,  0.00
716,  5.93862,  0.00, -0.44585,  0.00
717,  5.93035,  0.00, -0.4483,  0.00
718,  5.9223,  0.00, -0.45044,  0.00
719,  5.91445,  0.00, -0.4523,  0.00
720,  5.90675,  0.00, -0.45388,  0.00
721,  5.89918,  0.00, -0.45518,  0.00
722,  5.89171,  0.00, -0.45622,  0.00
723,  5.88428,  0.00, -0.45702,  0.00
724,  5.87688,  0.00, -0.45757,  0.00
725,  5.86947,  0.00, -0.45789,  0.00
726,  5.862,  0.00, -0.458,  0.00
727,  5.83007,  0.00, -0.4561,  0.00
728,  5.79992,  0.00, -0.45051,  0.00
729,  5.77174,  0.00, -0.44144,  0.00
730,  5.74571,  0.00, -0.42907,  0.00
731,  5.72202,  0.00, -0.41361,  0.00
732,  5.70088,  0.00, -0.39525,  0.00
733,  5.68246,  0.00, -0.37418,  0.00
734,  5.66696,  0.00, -0.35059,  0.00
735,  5.65458,  0.00, -0.32469,  0.00
736,  5.64549,  0.00, -0.29666,  0.00
737,  5.6399,  0.00, -0.2667,  0.00
738,  5.638,  0.00, -0.235,  0.00
739,  5.63973,  0.00, -0.20013,  0.00
740,  5.64484,  0.00, -0.16759,  0.00
741,  5.65322,  0.00, -0.13753,  0.00
742,  5.66474,  0.00, -0.11007,  0.00
743,  5.67929,  0.00, -0.08535,  0.00
744,  5.69676,  0.00, -0.0635,  0.00
745,  5.717,  0.00, -0.04465,  0.00
746,  5.73993,  0.00, -0.02893,  0.00
747,  5.76541,  0.00, -0.01647,  0.00
748,  5.79332,  0.00, -0.00741,  0.00
749,  5.82357,  0.00, -0.00187,  0.00
750,  5.856,  0.00,  0.00,  0.00
751,  6.045,  0.00,  0.00,  0.00
752,  5.956,  0.00, -0.075,  0.00
753,  5.866,  0.00, -0.075,  0.00
754,  5.84166,  0.00, -0.07629,  0.00
755,  5.82008,  0.00, -0.08006,  0.00
756,  5.80114,  0.00, -0.08616,  0.00
757,  5.7847,  0.00, -0.09444,  0.00
758,  5.77066,  0.00, -0.10477,  0.00
759,  5.75887,  0.00, -0.117,  0.00
760,  5.74924,  0.00, -0.13098,  0.00
761,  5.74163,  0.00, -0.14656,  0.00
762,  5.73593,  0.00, -0.16359,  0.00
763,  5.732,  0.00, -0.18194,  0.00
764,  5.72973,  0.00, -0.20146,  0.00
765,  5.729,  0.00, -0.222,  0.00
766,  5.7302,  0.00, -0.24482,  0.00
767,  5.7337,  0.00, -0.26619,  0.00
768,  5.73941,  0.00, -0.28603,  0.00
769,  5.74723,  0.00, -0.30422,  0.00
770,  5.75704,  0.00, -0.32066,  0.00
771,  5.76875,  0.00, -0.33525,  0.00
772,  5.78225,  0.00, -0.34788,  0.00
773,  5.79744,  0.00, -0.35844,  0.00
774,  5.81422,  0.00, -0.36684,  0.00
775,  5.83247,  0.00, -0.37297,  0.00
776,  5.8521,  0.00, -0.37673,  0.00
777,  5.873,  0.00, -0.378,  0.00
778,  5.88036,  0.00, -0.37789,  0.00
779,  5.88749,  0.00, -0.37757,  0.00
780,  5.8944,  0.00, -0.37703,  0.00
781,  5.90119,  0.00, -0.37626,  0.00
782,  5.90787,  0.00, -0.37525,  0.00
783,  5.9145,  0.00, -0.374,  0.00
784,  5.92114,  0.00, -0.3725,  0.00
785,  5.92781,  0.00, -0.37074,  0.00
786,  5.93459,  0.00, -0.36872,  0.00
787,  5.94152,  0.00, -0.36643,  0.00
788,  5.94863,  0.00, -0.36386,  0.00
789,  5.956,  0.00, -0.361,  0.00
790,  5.492,  0.00, -0.691,  0.00
791,  5.45,  0.00, -0.691,  0.00
792,  5.105,  0.00, -0.269,  0.00
793,  5.105,  0.00, -0.224,  0.00
794,  5.394,  0.00, -0.224,  0.00
795,  5.394,  0.00,  0.00,  0.00
796,  5.492,  0.00,  0.00,  0.00
797,  5.492,  0.00, -0.224,  0.00
798,  5.565,  0.00, -0.224,  0.00
799,  5.565,  0.00, -0.312,  0.00
800,  5.492,  0.00, -0.312,  0.00
801,  5.392,  0.00, -0.506,  0.00
802,  5.394,  0.00, -0.506,  0.00
803,  5.394,  0.00, -0.312,  0.00
804,  5.23601,  0.00, -0.312,  0.00
805,  4.744,  0.00, -0.682,  0.00
806,  4.655,  0.00, -0.682,  0.00
807,  4.655,  0.00,  0.00,  0.00
808,  4.744,  0.00,  0.00,  0.00
809,  4.744,  0.00, -0.322,  0.00
810,  4.75428,  0.00, -0.33315,  0.00
811,  4.76417,  0.00, -0.34313,  0.00
812,  4.77373,  0.00, -0.35198,  0.00
813,  4.78304,  0.00, -0.35974,  0.00
814,  4.79214,  0.00, -0.36644,  0.00
815,  4.80113,  0.00, -0.37212,  0.00
816,  4.81004,  0.00, -0.37683,  0.00
817,  4.81896,  0.00, -0.38059,  0.00
818,  4.82795,  0.00, -0.38345,  0.00
819,  4.83708,  0.00, -0.38545,  0.00
820,  4.84641,  0.00, -0.38662,  0.00
821,  4.856,  0.00, -0.387,  0.00
822,  4.86907,  0.00, -0.38612,  0.00
823,  4.88127,  0.00, -0.38351,  0.00
824,  4.89253,  0.00, -0.37925,  0.00
825,  4.90282,  0.00, -0.37341,  0.00
826,  4.91207,  0.00, -0.36605,  0.00
827,  4.92025,  0.00, -0.35725,  0.00
828,  4.9273,  0.00, -0.34707,  0.00
829,  4.93318,  0.00, -0.33559,  0.00
830,  4.93785,  0.00, -0.32287,  0.00
831,  4.94123,  0.00, -0.30899,  0.00
832,  4.9433,  0.00, -0.29401,  0.00
833,  4.944,  0.00, -0.278,  0.00
834,  4.944,  0.00,  0.00,  0.00
835,  5.033,  0.00,  0.00,  0.00
836,  5.033,  0.00, -0.275,  0.00
837,  5.03167,  0.00, -0.30444,  0.00
838,  5.02778,  0.00, -0.33126,  0.00
839,  5.02147,  0.00, -0.35548,  0.00
840,  5.01289,  0.00, -0.37711,  0.00
841,  5.00218,  0.00, -0.39615,  0.00
842,  4.9895,  0.00, -0.41263,  0.00
843,  4.97498,  0.00, -0.42653,  0.00
844,  4.95878,  0.00, -0.43789,  0.00
845,  4.94103,  0.00, -0.4467,  0.00
846,  4.92189,  0.00, -0.45299,  0.00
847,  4.9015,  0.00, -0.45675,  0.00
848,  4.88,  0.00, -0.458,  0.00
849,  4.86751,  0.00, -0.45748,  0.00
850,  4.85507,  0.00, -0.45595,  0.00
851,  4.84275,  0.00, -0.45342,  0.00
852,  4.83059,  0.00, -0.44993,  0.00
853,  4.81866,  0.00, -0.44549,  0.00
854,  4.807,  0.00, -0.44012,  0.00
855,  4.79568,  0.00, -0.43387,  0.00
856,  4.78474,  0.00, -0.42674,  0.00
857,  4.77425,  0.00, -0.41877,  0.00
858,  4.76426,  0.00, -0.40997,  0.00
859,  4.75483,  0.00, -0.40037,  0.00
860,  4.746,  0.00, -0.39,  0.00
861,  4.744,  0.00, -0.39,  0.00
862,  4.533,  0.00, -0.421,  0.00
863,  4.52133,  0.00, -0.42698,  0.00
864,  4.50982,  0.00, -0.43242,  0.00
865,  4.49846,  0.00, -0.43733,  0.00
866,  4.48723,  0.00, -0.4417,  0.00
867,  4.47611,  0.00, -0.44555,  0.00
868,  4.46513,  0.00, -0.44888,  0.00
869,  4.45424,  0.00, -0.45168,  0.00
870,  4.44344,  0.00, -0.45396,  0.00
871,  4.43273,  0.00, -0.45573,  0.00
872,  4.4221,  0.00, -0.457,  0.00
873,  4.41152,  0.00, -0.45775,  0.00
874,  4.401,  0.00, -0.458,  0.00
875,  4.37918,  0.00, -0.45705,  0.00
876,  4.35879,  0.00, -0.45424,  0.00
877,  4.33991,  0.00, -0.44962,  0.00
878,  4.32263,  0.00, -0.44326,  0.00
879,  4.30705,  0.00, -0.4352,  0.00
880,  4.29326,  0.00, -0.4255,  0.00
881,  4.28133,  0.00, -0.41422,  0.00
882,  4.27137,  0.00, -0.40141,  0.00
883,  4.26347,  0.00, -0.38712,  0.00
884,  4.25772,  0.00, -0.37143,  0.00
885,  4.25419,  0.00, -0.35437,  0.00
886,  4.253,  0.00, -0.336,  0.00
887,  4.25713,  0.00, -0.30752,  0.00
888,  4.26856,  0.00, -0.28229,  0.00
889,  4.28581,  0.00, -0.25992,  0.00
890,  4.30745,  0.00, -0.24,  0.00
891,  4.332,  0.00, -0.22212,  0.00
892,  4.358,  0.00, -0.20587,  0.00
893,  4.384,  0.00, -0.19086,  0.00
894,  4.40855,  0.00, -0.17667,  0.00
895,  4.43019,  0.00, -0.16289,  0.00
896,  4.44744,  0.00, -0.14912,  0.00
897,  4.45886,  0.00, -0.13496,  0.00
898,  4.463,  0.00, -0.12,  0.00
899,  4.46239,  0.00, -0.11231,  0.00
900,  4.46061,  0.00, -0.10525,  0.00
901,  4.45775,  0.00, -0.09881,  0.00
902,  4.45389,  0.00, -0.093,  0.00
903,  4.44911,  0.00, -0.08781,  0.00
904,  4.4435,  0.00, -0.08325,  0.00
905,  4.43714,  0.00, -0.07931,  0.00
906,  4.43011,  0.00, -0.076,  0.00
907,  4.4225,  0.00, -0.07331,  0.00
908,  4.41438,  0.00, -0.07125,  0.00
909,  4.40586,  0.00, -0.06981,  0.00
910,  4.397,  0.00, -0.069,  0.00
911,  4.38766,  0.00, -0.0694,  0.00
912,  4.37763,  0.00, -0.07059,  0.00
913,  4.367,  0.00, -0.07259,  0.00
914,  4.35578,  0.00, -0.07541,  0.00
915,  4.34401,  0.00, -0.07904,  0.00
916,  4.33176,  0.00, -0.0835,  0.00
917,  4.31903,  0.00, -0.08879,  0.00
918,  4.30589,  0.00, -0.09493,  0.00
919,  4.29238,  0.00, -0.10191,  0.00
920,  4.27853,  0.00, -0.10974,  0.00
921,  4.26439,  0.00, -0.11844,  0.00
922,  4.25,  0.00, -0.128,  0.00
923,  4.25,  0.00, -0.032,  0.00
924,  4.2642,  0.00, -0.02489,  0.00
925,  4.27788,  0.00, -0.01855,  0.00
926,  4.29111,  0.00, -0.01294,  0.00
927,  4.304,  0.00, -0.00804,  0.00
928,  4.31664,  0.00, -0.00382,  0.00
929,  4.32913,  0.00, -0.00025,  0.00
930,  4.34155,  0.00,  0.00269,  0.00
931,  4.354,  0.00,  0.00504,  0.00
932,  4.36658,  0.00,  0.00681,  0.00
933,  4.37937,  0.00,  0.00805,  0.00
934,  4.39249,  0.00,  0.00877,  0.00
935,  4.40599,  0.00,  0.009,  0.00
936,  4.42677,  0.00,  0.00791,  0.00
937,  4.44648,  0.00,  0.00471,  0.00
938,  4.46499,  0.00, -0.00052,  0.00
939,  4.48215,  0.00, -0.00767,  0.00
940,  4.49782,  0.00, -0.01665,  0.00
941,  4.51187,  0.00, -0.02737,  0.00
942,  4.52415,  0.00, -0.03974,  0.00
943,  4.53452,  0.00, -0.05367,  0.00
944,  4.54283,  0.00, -0.06905,  0.00
945,  4.54894,  0.00, -0.08579,  0.00
946,  4.55272,  0.00, -0.10381,  0.00
947,  4.554,  0.00, -0.123,  0.00
948,  4.55343,  0.00, -0.13421,  0.00
949,  4.55165,  0.00, -0.1449,  0.00
950,  4.54862,  0.00, -0.1552,  0.00
951,  4.54426,  0.00, -0.16522,  0.00
952,  4.53849,  0.00, -0.17507,  0.00
953,  4.53125,  0.00, -0.18487,  0.00
954,  4.52246,  0.00, -0.19474,  0.00
955,  4.51207,  0.00, -0.20478,  0.00
956,  4.50001,  0.00, -0.21511,  0.00
957,  4.48618,  0.00, -0.22585,  0.00
958,  4.47053,  0.00, -0.23711,  0.00
959,  4.453,  0.00, -0.249,  0.00
960,  4.43426,  0.00, -0.26005,  0.00
961,  4.41749,  0.00, -0.27025,  0.00
962,  4.40264,  0.00, -0.27966,  0.00
963,  4.38963,  0.00, -0.28833,  0.00
964,  4.3784,  0.00, -0.29634,  0.00
965,  4.36887,  0.00, -0.30375,  0.00
966,  4.361,  0.00, -0.31062,  0.00
967,  4.3547,  0.00, -0.317,  0.00
968,  4.34992,  0.00, -0.32297,  0.00
969,  4.34659,  0.00, -0.32858,  0.00
970,  4.34464,  0.00, -0.33391,  0.00
971,  4.344,  0.00, -0.339,  0.00
972,  4.34447,  0.00, -0.34485,  0.00
973,  4.34587,  0.00, -0.35037,  0.00
974,  4.34815,  0.00, -0.35553,  0.00
975,  4.3513,  0.00, -0.3603,  0.00
976,  4.35526,  0.00, -0.36463,  0.00
977,  4.36,  0.00, -0.3685,  0.00
978,  4.3655,  0.00, -0.37187,  0.00
979,  4.3717,  0.00, -0.3747,  0.00
980,  4.37859,  0.00, -0.37697,  0.00
981,  4.38613,  0.00, -0.37863,  0.00
982,  4.39428,  0.00, -0.37965,  0.00
983,  4.403,  0.00, -0.38,  0.00
984,  4.41153,  0.00, -0.37971,  0.00
985,  4.42062,  0.00, -0.37881,  0.00
986,  4.4302,  0.00, -0.3773,  0.00
987,  4.44026,  0.00, -0.37515,  0.00
988,  4.45074,  0.00, -0.37235,  0.00
989,  4.46163,  0.00, -0.36887,  0.00
990,  4.47286,  0.00, -0.36472,  0.00
991,  4.48441,  0.00, -0.35985,  0.00
992,  4.49624,  0.00, -0.35427,  0.00
993,  4.5083,  0.00, -0.34794,  0.00
994,  4.52057,  0.00, -0.34086,  0.00
995,  4.53301,  0.00, -0.333,  0.00
996,  3.703,  0.00,  0.075,  0.00
997,  3.703,  0.00,  0.125,  0.00
998,  4.215,  0.00,  0.125,  0.00
999,  4.215,  0.00,  0.075,  0.00
1000,  3.29,  0.00, -0.569,  0.00
1001,  3.30145,  0.00, -0.57398,  0.00
1002,  3.31234,  0.00, -0.57844,  0.00
1003,  3.32275,  0.00, -0.58239,  0.00
1004,  3.33274,  0.00, -0.58585,  0.00
1005,  3.34238,  0.00, -0.58884,  0.00
1006,  3.35175,  0.00, -0.59137,  0.00
1007,  3.36091,  0.00, -0.59347,  0.00
1008,  3.36993,  0.00, -0.59515,  0.00
1009,  3.37888,  0.00, -0.59642,  0.00
1010,  3.38782,  0.00, -0.59731,  0.00
1011,  3.39684,  0.00, -0.59783,  0.00
1012,  3.406,  0.00, -0.598,  0.00
1013,  3.42344,  0.00, -0.5972,  0.00
1014,  3.43974,  0.00, -0.59482,  0.00
1015,  3.45482,  0.00, -0.59092,  0.00
1016,  3.46859,  0.00, -0.58556,  0.00
1017,  3.48102,  0.00, -0.57877,  0.00
1018,  3.492,  0.00, -0.57063,  0.00
1019,  3.50149,  0.00, -0.56116,  0.00
1020,  3.50941,  0.00, -0.55044,  0.00
1021,  3.51569,  0.00, -0.53852,  0.00
1022,  3.52026,  0.00, -0.52543,  0.00
1023,  3.52305,  0.00, -0.51124,  0.00
1024,  3.524,  0.00, -0.496,  0.00
1025,  3.52306,  0.00, -0.48103,  0.00
1026,  3.52025,  0.00, -0.46714,  0.00
1027,  3.51556,  0.00, -0.45437,  0.00
1028,  3.509,  0.00, -0.44278,  0.00
1029,  3.50056,  0.00, -0.43239,  0.00
1030,  3.49025,  0.00, -0.42325,  0.00
1031,  3.47807,  0.00, -0.4154,  0.00
1032,  3.464,  0.00, -0.40889,  0.00
1033,  3.44807,  0.00, -0.40375,  0.00
1034,  3.43025,  0.00, -0.40003,  0.00
1035,  3.41056,  0.00, -0.39776,  0.00
1036,  3.389,  0.00, -0.397,  0.00
1037,  3.389,  0.00, -0.307,  0.00
1038,  3.41225,  0.00, -0.30709,  0.00
1039,  3.43349,  0.00, -0.30494,  0.00
1040,  3.45273,  0.00, -0.30072,  0.00
1041,  3.46997,  0.00, -0.29456,  0.00
1042,  3.48518,  0.00, -0.2866,  0.00
1043,  3.49837,  0.00, -0.277,  0.00
1044,  3.50955,  0.00, -0.2659,  0.00
1045,  3.5187,  0.00, -0.25344,  0.00
1046,  3.52583,  0.00, -0.23978,  0.00
1047,  3.53092,  0.00, -0.22506,  0.00
1048,  3.53398,  0.00, -0.20941,  0.00
1049,  3.535,  0.00, -0.193,  0.00
1050,  3.53412,  0.00, -0.17699,  0.00
1051,  3.53151,  0.00, -0.16201,  0.00
1052,  3.52724,  0.00, -0.14812,  0.00
1053,  3.52137,  0.00, -0.13541,  0.00
1054,  3.51398,  0.00, -0.12393,  0.00
1055,  3.50513,  0.00, -0.11375,  0.00
1056,  3.49488,  0.00, -0.10495,  0.00
1057,  3.48329,  0.00, -0.09759,  0.00
1058,  3.47045,  0.00, -0.09175,  0.00
1059,  3.45642,  0.00, -0.08749,  0.00
1060,  3.44124,  0.00, -0.08488,  0.00
1061,  3.425,  0.00, -0.084,  0.00
1062,  3.4125,  0.00, -0.08435,  0.00
1063,  3.39999,  0.00, -0.08542,  0.00
1064,  3.38747,  0.00, -0.0872,  0.00
1065,  3.37493,  0.00, -0.0897,  0.00
1066,  3.36236,  0.00, -0.09293,  0.00
1067,  3.34975,  0.00, -0.09687,  0.00
1068,  3.3371,  0.00, -0.10155,  0.00
1069,  3.32441,  0.00, -0.10696,  0.00
1070,  3.31166,  0.00, -0.11311,  0.00
1071,  3.29884,  0.00, -0.11999,  0.00
1072,  3.28595,  0.00, -0.12762,  0.00
1073,  3.27301,  0.00, -0.136,  0.00
1074,  3.273,  0.00, -0.03,  0.00
1075,  3.28525,  0.00, -0.02398,  0.00
1076,  3.29749,  0.00, -0.01843,  0.00
1077,  3.30972,  0.00, -0.01336,  0.00
1078,  3.32192,  0.00, -0.00878,  0.00
1079,  3.3341,  0.00, -0.0047,  0.00
1080,  3.34625,  0.00, -0.00112,  0.00
1081,  3.35836,  0.00,  0.00192,  0.00
1082,  3.37041,  0.00,  0.00444,  0.00
1083,  3.3824,  0.00,  0.00642,  0.00
1084,  3.39434,  0.00,  0.00785,  0.00
1085,  3.40621,  0.00,  0.00871,  0.00
1086,  3.418,  0.00,  0.009,  0.00
1087,  3.44869,  0.00,  0.00726,  0.00
1088,  3.47768,  0.00,  0.00214,  0.00
1089,  3.50475,  0.00, -0.00619,  0.00
1090,  3.52974,  0.00, -0.01756,  0.00
1091,  3.55247,  0.00, -0.0318,  0.00
1092,  3.57275,  0.00, -0.04875,  0.00
1093,  3.59041,  0.00, -0.06824,  0.00
1094,  3.60526,  0.00, -0.09011,  0.00
1095,  3.61713,  0.00, -0.11419,  0.00
1096,  3.62583,  0.00, -0.14031,  0.00
1097,  3.63118,  0.00, -0.1683,  0.00
1098,  3.633,  0.00, -0.198,  0.00
1099,  3.63237,  0.00, -0.21549,  0.00
1100,  3.63047,  0.00, -0.23285,  0.00
1101,  3.62725,  0.00, -0.24989,  0.00
1102,  3.62271,  0.00, -0.26644,  0.00
1103,  3.6168,  0.00, -0.28233,  0.00
1104,  3.6095,  0.00, -0.29737,  0.00
1105,  3.60079,  0.00, -0.3114,  0.00
1106,  3.59063,  0.00, -0.32422,  0.00
1107,  3.579,  0.00, -0.33567,  0.00
1108,  3.56587,  0.00, -0.34557,  0.00
1109,  3.55121,  0.00, -0.35374,  0.00
1110,  3.535,  0.00, -0.36,  0.00
1111,  3.54973,  0.00, -0.3687,  0.00
1112,  3.56297,  0.00, -0.37786,  0.00
1113,  3.57474,  0.00, -0.38756,  0.00
1114,  3.58512,  0.00, -0.39789,  0.00
1115,  3.5941,  0.00, -0.40892,  0.00
1116,  3.60175,  0.00, -0.42075,  0.00
1117,  3.60811,  0.00, -0.43345,  0.00
1118,  3.61322,  0.00, -0.44711,  0.00
1119,  3.61712,  0.00, -0.46181,  0.00
1120,  3.61986,  0.00, -0.47764,  0.00
1121,  3.62147,  0.00, -0.49467,  0.00
1122,  3.622,  0.00, -0.513,  0.00
1123,  3.62037,  0.00, -0.53919,  0.00
1124,  3.61558,  0.00, -0.56368,  0.00
1125,  3.60775,  0.00, -0.58637,  0.00
1126,  3.59701,  0.00, -0.60715,  0.00
1127,  3.58346,  0.00, -0.62589,  0.00
1128,  3.56725,  0.00, -0.6425,  0.00
1129,  3.5485,  0.00, -0.65686,  0.00
1130,  3.52733,  0.00, -0.66885,  0.00
1131,  3.50387,  0.00, -0.67838,  0.00
1132,  3.47825,  0.00, -0.68532,  0.00
1133,  3.45058,  0.00, -0.68956,  0.00
1134,  3.421,  0.00, -0.691,  0.00
1135,  3.4085,  0.00, -0.69081,  0.00
1136,  3.39644,  0.00, -0.69024,  0.00
1137,  3.38478,  0.00, -0.68928,  0.00
1138,  3.37348,  0.00, -0.68793,  0.00
1139,  3.36248,  0.00, -0.68617,  0.00
1140,  3.35175,  0.00, -0.684,  0.00
1141,  3.34122,  0.00, -0.68142,  0.00
1142,  3.33086,  0.00, -0.67841,  0.00
1143,  3.32059,  0.00, -0.67497,  0.00
1144,  3.3104,  0.00, -0.67109,  0.00
1145,  3.30021,  0.00, -0.66677,  0.00
1146,  3.29,  0.00, -0.662,  0.00
1147,  3.199,  0.00, -0.682,  0.00
1148,  2.758,  0.00, -0.682,  0.00
1149,  2.758,  0.00, -0.589,  0.00
1150,  3.053,  0.00, -0.589,  0.00
1151,  2.803,  0.00, -0.029,  0.00
1152,  2.89,  0.00,  0.009,  0.00
1153,  2.646,  0.00,  0.00,  0.00
1154,  2.646,  0.00, -0.449,  0.00
1155,  2.557,  0.00, -0.449,  0.00
1156,  2.557,  0.00, -0.128,  0.00
1157,  2.54957,  0.00, -0.11815,  0.00
1158,  2.54179,  0.00, -0.1091,  0.00
1159,  2.53367,  0.00, -0.10086,  0.00
1160,  2.52526,  0.00, -0.09344,  0.00
1161,  2.51657,  0.00, -0.08686,  0.00
1162,  2.50762,  0.00, -0.08112,  0.00
1163,  2.49845,  0.00, -0.07624,  0.00
1164,  2.48908,  0.00, -0.07222,  0.00
1165,  2.47952,  0.00, -0.06908,  0.00
1166,  2.4698,  0.00, -0.06682,  0.00
1167,  2.45995,  0.00, -0.06546,  0.00
1168,  2.45,  0.00, -0.065,  0.00
1169,  2.43538,  0.00, -0.06575,  0.00
1170,  2.422,  0.00, -0.06796,  0.00
1171,  2.40989,  0.00, -0.07161,  0.00
1172,  2.39904,  0.00, -0.07667,  0.00
1173,  2.38945,  0.00, -0.0831,  0.00
1174,  2.38112,  0.00, -0.09087,  0.00
1175,  2.37408,  0.00, -0.09996,  0.00
1176,  2.3683,  0.00, -0.11033,  0.00
1177,  2.36379,  0.00, -0.12195,  0.00
1178,  2.36058,  0.00, -0.13479,  0.00
1179,  2.35864,  0.00, -0.14882,  0.00
1180,  2.358,  0.00, -0.164,  0.00
1181,  2.358,  0.00, -0.449,  0.00
1182,  2.269,  0.00, -0.449,  0.00
1183,  2.269,  0.00, -0.17,  0.00
1184,  2.27031,  0.00, -0.14253,  0.00
1185,  2.27416,  0.00, -0.11716,  0.00
1186,  2.28042,  0.00, -0.09394,  0.00
1187,  2.28897,  0.00, -0.07293,  0.00
1188,  2.29966,  0.00, -0.05418,  0.00
1189,  2.31237,  0.00, -0.03775,  0.00
1190,  2.32699,  0.00, -0.0237,  0.00
1191,  2.34337,  0.00, -0.01207,  0.00
1192,  2.36139,  0.00, -0.00294,  0.00
1193,  2.38092,  0.00,  0.00366,  0.00
1194,  2.40184,  0.00,  0.00765,  0.00
1195,  2.424,  0.00,  0.009,  0.00
1196,  2.43515,  0.00,  0.00847,  0.00
1197,  2.44656,  0.00,  0.00689,  0.00
1198,  2.45814,  0.00,  0.00431,  0.00
1199,  2.46981,  0.00,  0.00078,  0.00
1200,  2.4815,  0.00, -0.00367,  0.00
1201,  2.49313,  0.00, -0.009,  0.00
1202,  2.5046,  0.00, -0.01516,  0.00
1203,  2.51585,  0.00, -0.02211,  0.00
1204,  2.5268,  0.00, -0.02981,  0.00
1205,  2.53736,  0.00, -0.03822,  0.00
1206,  2.54745,  0.00, -0.0473,  0.00
1207,  2.557,  0.00, -0.057,  0.00
1208,  2.557,  0.00,  0.00,  0.00
1209,  1.855,  0.00, -0.011,  0.00
1210,  1.86336,  0.00, -0.00767,  0.00
1211,  1.87146,  0.00, -0.00466,  0.00
1212,  1.87932,  0.00, -0.00197,  0.00
1213,  1.887,  0.00,  0.00041,  0.00
1214,  1.89451,  0.00,  0.00248,  0.00
1215,  1.90188,  0.00,  0.00425,  0.00
1216,  1.90914,  0.00,  0.00573,  0.00
1217,  1.91634,  0.00,  0.00693,  0.00
1218,  1.92348,  0.00,  0.00784,  0.00
1219,  1.93063,  0.00,  0.00849,  0.00
1220,  1.93779,  0.00,  0.00887,  0.00
1221,  1.945,  0.00,  0.009,  0.00
1222,  1.97743,  0.00,  0.00705,  0.00
1223,  2.00807,  0.00,  0.00134,  0.00
1224,  2.03673,  0.00, -0.00795,  0.00
1225,  2.06322,  0.00, -0.02063,  0.00
1226,  2.08734,  0.00, -0.0365,  0.00
1227,  2.10888,  0.00, -0.05537,  0.00
1228,  2.12764,  0.00, -0.07706,  0.00
1229,  2.14345,  0.00, -0.10137,  0.00
1230,  2.15608,  0.00, -0.12811,  0.00
1231,  2.16535,  0.00, -0.15709,  0.00
1232,  2.17105,  0.00, -0.18812,  0.00
1233,  2.173,  0.00, -0.221,  0.00
1234,  2.17116,  0.00, -0.25658,  0.00
1235,  2.16565,  0.00, -0.28928,  0.00
1236,  2.15654,  0.00, -0.31906,  0.00
1237,  2.14386,  0.00, -0.34589,  0.00
1238,  2.12766,  0.00, -0.36972,  0.00
1239,  2.108,  0.00, -0.3905,  0.00
1240,  2.08492,  0.00, -0.4082,  0.00
1241,  2.05848,  0.00, -0.42278,  0.00
1242,  2.02872,  0.00, -0.43419,  0.00
1243,  1.99568,  0.00, -0.44239,  0.00
1244,  1.95943,  0.00, -0.44734,  0.00
1245,  1.92,  0.00, -0.449,  0.00
1246,  1.766,  0.00, -0.449,  0.00
1247,  1.766,  0.00,  0.23,  0.00
1248,  1.855,  0.00,  0.23,  0.00
1249,  1.855,  0.00, -0.369,  0.00
1250,  1.936,  0.00, -0.369,  0.00
1251,  1.95925,  0.00, -0.36788,  0.00
1252,  1.98049,  0.00, -0.36457,  0.00
1253,  1.99974,  0.00, -0.35911,  0.00
1254,  2.01696,  0.00, -0.35156,  0.00
1255,  2.03218,  0.00, -0.34196,  0.00
1256,  2.04538,  0.00, -0.33037,  0.00
1257,  2.05655,  0.00, -0.31685,  0.00
1258,  2.0657,  0.00, -0.30145,  0.00
1259,  2.07283,  0.00, -0.2842,  0.00
1260,  2.07792,  0.00, -0.26518,  0.00
1261,  2.08099,  0.00, -0.24443,  0.00
1262,  2.082,  0.00, -0.222,  0.00
1263,  2.08077,  0.00, -0.20075,  0.00
1264,  2.07717,  0.00, -0.18061,  0.00
1265,  2.07132,  0.00, -0.1617,  0.00
1266,  2.06338,  0.00, -0.14419,  0.00
1267,  2.05343,  0.00, -0.1282,  0.00
1268,  2.04162,  0.00, -0.11388,  0.00
1269,  2.02809,  0.00, -0.10137,  0.00
1270,  2.01296,  0.00, -0.09082,  0.00
1271,  1.99636,  0.00, -0.08236,  0.00
1272,  1.97841,  0.00, -0.07614,  0.00
1273,  1.95924,  0.00, -0.07231,  0.00
1274,  1.93899,  0.00, -0.071,  0.00
1275,  1.93198,  0.00, -0.07114,  0.00
1276,  1.92493,  0.00, -0.07158,  0.00
1277,  1.91786,  0.00, -0.0723,  0.00
1278,  1.91078,  0.00, -0.0733,  0.00
1279,  1.9037,  0.00, -0.07457,  0.00
1280,  1.89662,  0.00, -0.07613,  0.00
1281,  1.88957,  0.00, -0.07795,  0.00
1282,  1.88256,  0.00, -0.08004,  0.00
1283,  1.87558,  0.00, -0.08239,  0.00
1284,  1.86865,  0.00, -0.08501,  0.00
1285,  1.86179,  0.00, -0.08788,  0.00
1286,  1.855,  0.00, -0.091,  0.00
1287,  0.997,  0.00, -0.449,  0.00
1288,  0.997,  0.00,  0.00,  0.00
1289,  1.086,  0.00,  0.00,  0.00
1290,  1.086,  0.00, -0.326,  0.00
1291,  1.09512,  0.00, -0.33615,  0.00
1292,  1.10402,  0.00, -0.34515,  0.00
1293,  1.11278,  0.00, -0.35305,  0.00
1294,  1.12148,  0.00, -0.35989,  0.00
1295,  1.1302,  0.00, -0.36573,  0.00
1296,  1.139,  0.00, -0.37062,  0.00
1297,  1.14797,  0.00, -0.37462,  0.00
1298,  1.15719,  0.00, -0.37778,  0.00
1299,  1.16672,  0.00, -0.38014,  0.00
1300,  1.17664,  0.00, -0.38176,  0.00
1301,  1.18705,  0.00, -0.3827,  0.00
1302,  1.198,  0.00, -0.383,  0.00
1303,  1.20884,  0.00, -0.38235,  0.00
1304,  1.21928,  0.00, -0.38037,  0.00
1305,  1.22922,  0.00, -0.37702,  0.00
1306,  1.23855,  0.00, -0.37226,  0.00
1307,  1.24719,  0.00, -0.36606,  0.00
1308,  1.255,  0.00, -0.35838,  0.00
1309,  1.2619,  0.00, -0.34917,  0.00
1310,  1.26777,  0.00, -0.33841,  0.00
1311,  1.27254,  0.00, -0.32605,  0.00
1312,  1.27606,  0.00, -0.31205,  0.00
1313,  1.27825,  0.00, -0.29638,  0.00
1314,  1.279,  0.00, -0.279,  0.00
1315,  1.279,  0.00,  0.00,  0.00
1316,  1.368,  0.00,  0.00,  0.00
1317,  1.368,  0.00, -0.326,  0.00
1318,  1.37614,  0.00, -0.33407,  0.00
1319,  1.3845,  0.00, -0.34175,  0.00
1320,  1.39304,  0.00, -0.34897,  0.00
1321,  1.4017,  0.00, -0.35567,  0.00
1322,  1.41042,  0.00, -0.36178,  0.00
1323,  1.41912,  0.00, -0.36725,  0.00
1324,  1.42778,  0.00, -0.37201,  0.00
1325,  1.43629,  0.00, -0.376,  0.00
1326,  1.44464,  0.00, -0.37916,  0.00
1327,  1.45274,  0.00, -0.38142,  0.00
1328,  1.46055,  0.00, -0.38272,  0.00
1329,  1.468,  0.00, -0.383,  0.00
1330,  1.48054,  0.00, -0.38223,  0.00
1331,  1.4926,  0.00, -0.37994,  0.00
1332,  1.50405,  0.00, -0.37616,  0.00
1333,  1.51478,  0.00, -0.37089,  0.00
1334,  1.52468,  0.00, -0.36416,  0.00
1335,  1.53362,  0.00, -0.356,  0.00
1336,  1.54151,  0.00, -0.34642,  0.00
1337,  1.54823,  0.00, -0.33544,  0.00
1338,  1.55364,  0.00, -0.32309,  0.00
1339,  1.55765,  0.00, -0.30939,  0.00
1340,  1.56015,  0.00, -0.29435,  0.00
1341,  1.561,  0.00, -0.278,  0.00
1342,  1.561,  0.00,  0.00,  0.00
1343,  1.65,  0.00,  0.00,  0.00
1344,  1.65,  0.00, -0.282,  0.00
1345,  1.6488,  0.00, -0.30773,  0.00
1346,  1.64529,  0.00, -0.33184,  0.00
1347,  1.63951,  0.00, -0.35422,  0.00
1348,  1.63159,  0.00, -0.37474,  0.00
1349,  1.6216,  0.00, -0.39329,  0.00
1350,  1.60962,  0.00, -0.40975,  0.00
1351,  1.59576,  0.00, -0.424,  0.00
1352,  1.58007,  0.00, -0.43593,  0.00
1353,  1.56267,  0.00, -0.44541,  0.00
1354,  1.54363,  0.00, -0.45232,  0.00
1355,  1.52304,  0.00, -0.45656,  0.00
1356,  1.501,  0.00, -0.458,  0.00
1357,  1.48535,  0.00, -0.45725,  0.00
1358,  1.47037,  0.00, -0.45506,  0.00
1359,  1.45605,  0.00, -0.45153,  0.00
1360,  1.44234,  0.00, -0.44678,  0.00
1361,  1.42921,  0.00, -0.4409,  0.00
1362,  1.41663,  0.00, -0.434,  0.00
1363,  1.40457,  0.00, -0.42618,  0.00
1364,  1.393,  0.00, -0.41756,  0.00
1365,  1.3819,  0.00, -0.40822,  0.00
1366,  1.37121,  0.00, -0.39828,  0.00
1367,  1.36092,  0.00, -0.38784,  0.00
1368,  1.351,  0.00, -0.377,  0.00
1369,  1.34315,  0.00, -0.38973,  0.00
1370,  1.33462,  0.00, -0.4014,  0.00
1371,  1.32542,  0.00, -0.41202,  0.00
1372,  1.31559,  0.00, -0.42156,  0.00
1373,  1.30515,  0.00, -0.43001,  0.00
1374,  1.29413,  0.00, -0.43738,  0.00
1375,  1.28254,  0.00, -0.44363,  0.00
1376,  1.2704,  0.00, -0.44878,  0.00
1377,  1.25776,  0.00, -0.4528,  0.00
1378,  1.24463,  0.00, -0.45568,  0.00
1379,  1.23104,  0.00, -0.45742,  0.00
1380,  1.217,  0.00, -0.458,  0.00
1381,  1.20648,  0.00, -0.45754,  0.00
1382,  1.1959,  0.00, -0.45616,  0.00
1383,  1.18528,  0.00, -0.45384,  0.00
1384,  1.17459,  0.00, -0.45059,  0.00
1385,  1.16384,  0.00, -0.4464,  0.00
1386,  1.153,  0.00, -0.44125,  0.00
1387,  1.14208,  0.00, -0.43514,  0.00
1388,  1.13107,  0.00, -0.42807,  0.00
1389,  1.11997,  0.00, -0.42003,  0.00
1390,  1.10876,  0.00, -0.41101,  0.00
1391,  1.09744,  0.00, -0.401,  0.00
1392,  1.086,  0.00, -0.39,  0.00
1393,  1.086,  0.00, -0.449,  0.00
1394,  0.908,  0.00, -0.341,  0.00
1395,  0.90619,  0.00, -0.392,  0.00
1396,  0.90087,  0.00, -0.43984,  0.00
1397,  0.89218,  0.00, -0.48428,  0.00
1398,  0.88029,  0.00, -0.52507,  0.00
1399,  0.86535,  0.00, -0.56198,  0.00
1400,  0.8475,  0.00, -0.59475,  0.00
1401,  0.8269,  0.00, -0.62315,  0.00
1402,  0.80371,  0.00, -0.64693,  0.00
1403,  0.77806,  0.00, -0.66584,  0.00
1404,  0.75013,  0.00, -0.67966,  0.00
1405,  0.72006,  0.00, -0.68812,  0.00
1406,  0.688,  0.00, -0.691,  0.00
1407,  0.65594,  0.00, -0.68812,  0.00
1408,  0.62587,  0.00, -0.67966,  0.00
1409,  0.59793,  0.00, -0.66584,  0.00
1410,  0.5723,  0.00, -0.64693,  0.00
1411,  0.5491,  0.00, -0.62315,  0.00
1412,  0.5285,  0.00, -0.59475,  0.00
1413,  0.51065,  0.00, -0.56198,  0.00
1414,  0.4957,  0.00, -0.52507,  0.00
1415,  0.48381,  0.00, -0.48428,  0.00
1416,  0.47513,  0.00, -0.43984,  0.00
1417,  0.46981,  0.00, -0.392,  0.00
1418,  0.468,  0.00, -0.341,  0.00
1419,  0.46981,  0.00, -0.29,  0.00
1420,  0.47513,  0.00, -0.24216,  0.00
1421,  0.48382,  0.00, -0.19772,  0.00
1422,  0.49571,  0.00, -0.15693,  0.00
1423,  0.51065,  0.00, -0.12002,  0.00
1424,  0.5285,  0.00, -0.08725,  0.00
1425,  0.5491,  0.00, -0.05885,  0.00
1426,  0.5723,  0.00, -0.03507,  0.00
1427,  0.59794,  0.00, -0.01616,  0.00
1428,  0.62587,  0.00, -0.00234,  0.00
1429,  0.65594,  0.00,  0.00612,  0.00
1430,  0.688,  0.00,  0.009,  0.00
1431,  0.72005,  0.00,  0.00612,  0.00
1432,  0.75013,  0.00, -0.00234,  0.00
1433,  0.77806,  0.00, -0.01616,  0.00
1434,  0.80371,  0.00, -0.03507,  0.00
1435,  0.8269,  0.00, -0.05885,  0.00
1436,  0.8475,  0.00, -0.08725,  0.00
1437,  0.86535,  0.00, -0.12002,  0.00
1438,  0.8803,  0.00, -0.15693,  0.00
1439,  0.89219,  0.00, -0.19772,  0.00
1440,  0.90087,  0.00, -0.24216,  0.00
1441,  0.90619,  0.00, -0.29,  0.00
1442,  0.81,  0.00, -0.341,  0.00
1443,  0.80905,  0.00, -0.30233,  0.00
1444,  0.80624,  0.00, -0.26641,  0.00
1445,  0.80162,  0.00, -0.23334,  0.00
1446,  0.79525,  0.00, -0.20326,  0.00
1447,  0.7872,  0.00, -0.17627,  0.00
1448,  0.7775,  0.00, -0.1525,  0.00
1449,  0.76622,  0.00, -0.13206,  0.00
1450,  0.75341,  0.00, -0.11507,  0.00
1451,  0.73912,  0.00, -0.10166,  0.00
1452,  0.72343,  0.00, -0.09193,  0.00
1453,  0.70637,  0.00, -0.086,  0.00
1454,  0.688,  0.00, -0.084,  0.00
1455,  0.66963,  0.00, -0.086,  0.00
1456,  0.65258,  0.00, -0.09193,  0.00
1457,  0.63687,  0.00, -0.10166,  0.00
1458,  0.62259,  0.00, -0.11507,  0.00
1459,  0.60979,  0.00, -0.13206,  0.00
1460,  0.5985,  0.00, -0.1525,  0.00
1461,  0.5888,  0.00, -0.17627,  0.00
1462,  0.58075,  0.00, -0.20326,  0.00
1463,  0.57437,  0.00, -0.23334,  0.00
1464,  0.56976,  0.00, -0.26641,  0.00
1465,  0.56695,  0.00, -0.30233,  0.00
1466,  0.566,  0.00, -0.341,  0.00
1467,  0.56695,  0.00, -0.37967,  0.00
1468,  0.56976,  0.00, -0.41559,  0.00
1469,  0.57437,  0.00, -0.44866,  0.00
1470,  0.58074,  0.00, -0.47874,  0.00
1471,  0.5888,  0.00, -0.50573,  0.00
1472,  0.5985,  0.00, -0.5295,  0.00
1473,  0.60978,  0.00, -0.54994,  0.00
1474,  0.62259,  0.00, -0.56693,  0.00
1475,  0.63687,  0.00, -0.58034,  0.00
1476,  0.65258,  0.00, -0.59007,  0.00
1477,  0.66964,  0.00, -0.596,  0.00
1478,  0.688,  0.00, -0.598,  0.00
1479,  0.70637,  0.00, -0.596,  0.00
1480,  0.72343,  0.00, -0.59007,  0.00
1481,  0.73913,  0.00, -0.58034,  0.00
1482,  0.75341,  0.00, -0.56693,  0.00
1483,  0.76621,  0.00, -0.54994,  0.00
1484,  0.7775,  0.00, -0.5295,  0.00
1485,  0.7872,  0.00, -0.50573,  0.00
1486,  0.79526,  0.00, -0.47874,  0.00
1487,  0.80163,  0.00, -0.44866,  0.00
1488,  0.80624,  0.00, -0.41559,  0.00
1489,  0.80905,  0.00, -0.37967,  0.00
1490,  0.39299,  0.00, -0.427,  0.00
1491,  0.3824,  0.00, -0.4316,  0.00
1492,  0.37205,  0.00, -0.43589,  0.00
1493,  0.36186,  0.00, -0.43986,  0.00
1494,  0.35174,  0.00, -0.44348,  0.00
1495,  0.34161,  0.00, -0.44674,  0.00
1496,  0.33137,  0.00, -0.44962,  0.00
1497,  0.32096,  0.00, -0.45211,  0.00
1498,  0.31026,  0.00, -0.45419,  0.00
1499,  0.2992,  0.00, -0.45583,  0.00
1500,  0.2877,  0.00, -0.45702,  0.00
1501,  0.27566,  0.00, -0.45775,  0.00
1502,  0.263,  0.00, -0.458,  0.00
1503,  0.23006,  0.00, -0.45606,  0.00
1504,  0.19933,  0.00, -0.45035,  0.00
1505,  0.17094,  0.00, -0.441,  0.00
1506,  0.145,  0.00, -0.42815,  0.00
1507,  0.12164,  0.00, -0.41194,  0.00
1508,  0.101,  0.00, -0.3925,  0.00
1509,  0.08318,  0.00, -0.36998,  0.00
1510,  0.06833,  0.00, -0.34452,  0.00
1511,  0.05656,  0.00, -0.31625,  0.00
1512,  0.048,  0.00, -0.28532,  0.00
1513,  0.04277,  0.00, -0.25185,  0.00
1514,  0.041,  0.00, -0.216,  0.00
1515,  0.04293,  0.00, -0.18384,  0.00
1516,  0.04859,  0.00, -0.1535,  0.00
1517,  0.05778,  0.00, -0.12516,  0.00
1518,  0.07033,  0.00, -0.099,  0.00
1519,  0.08605,  0.00, -0.07522,  0.00
1520,  0.10475,  0.00, -0.054,  0.00
1521,  0.12624,  0.00, -0.03553,  0.00
1522,  0.15033,  0.00, -0.02,  0.00
1523,  0.17685,  0.00, -0.00759,  0.00
1524,  0.20558,  0.00,  0.0015,  0.00
1525,  0.23637,  0.00,  0.00709,  0.00
1526,  0.26901,  0.00,  0.009,  0.00
1527,  0.28094,  0.00,  0.00876,  0.00
1528,  0.29317,  0.00,  0.00805,  0.00
1529,  0.30555,  0.00,  0.00691,  0.00
1530,  0.31796,  0.00,  0.00537,  0.00
1531,  0.33028,  0.00,  0.00347,  0.00
1532,  0.34237,  0.00,  0.00125,  0.00
1533,  0.35412,  0.00, -0.00126,  0.00
1534,  0.36537,  0.00, -0.00404,  0.00
1535,  0.37602,  0.00, -0.00703,  0.00
1536,  0.38592,  0.00, -0.01021,  0.00
1537,  0.39496,  0.00, -0.01355,  0.00
1538,  0.403,  0.00, -0.017,  0.00
1539,  0.403,  0.00, -0.105,  0.00
1540,  0.39193,  0.00, -0.10021,  0.00
1541,  0.3812,  0.00, -0.09583,  0.00
1542,  0.37077,  0.00, -0.09188,  0.00
1543,  0.36059,  0.00, -0.08833,  0.00
1544,  0.35065,  0.00, -0.08521,  0.00
1545,  0.34088,  0.00, -0.0825,  0.00
1546,  0.33126,  0.00, -0.08021,  0.00
1547,  0.32174,  0.00, -0.07833,  0.00
1548,  0.31229,  0.00, -0.07688,  0.00
1549,  0.30288,  0.00, -0.07583,  0.00
1550,  0.29346,  0.00, -0.07521,  0.00
1551,  0.284,  0.00, -0.075,  0.00
1552,  0.26168,  0.00, -0.07616,  0.00
1553,  0.2408,  0.00, -0.07958,  0.00
1554,  0.22144,  0.00, -0.0852,  0.00
1555,  0.20371,  0.00, -0.09296,  0.00
1556,  0.18769,  0.00, -0.10279,  0.00
1557,  0.1735,  0.00, -0.11462,  0.00
1558,  0.16123,  0.00, -0.1284,  0.00
1559,  0.15097,  0.00, -0.14404,  0.00
1560,  0.14281,  0.00, -0.16148,  0.00
1561,  0.13687,  0.00, -0.18067,  0.00
1562,  0.13323,  0.00, -0.20153,  0.00
1563,  0.132,  0.00, -0.224,  0.00
1564,  0.13315,  0.00, -0.24611,  0.00
1565,  0.13652,  0.00, -0.26686,  0.00
1566,  0.14202,  0.00, -0.28614,  0.00
1567,  0.14952,  0.00, -0.30385,  0.00
1568,  0.15892,  0.00, -0.31988,  0.00
1569,  0.17013,  0.00, -0.33413,  0.00
1570,  0.18301,  0.00, -0.34647,  0.00
1571,  0.19748,  0.00, -0.35682,  0.00
1572,  0.21342,  0.00, -0.36505,  0.00
1573,  0.23073,  0.00, -0.37106,  0.00
1574,  0.24929,  0.00, -0.37475,  0.00
1575,  0.269,  0.00, -0.376,  0.00
1576,  0.27866,  0.00, -0.37578,  0.00
1577,  0.28818,  0.00, -0.3751,  0.00
1578,  0.29766,  0.00, -0.37391,  0.00
1579,  0.30715,  0.00, -0.37215,  0.00
1580,  0.31674,  0.00, -0.36978,  0.00
1581,  0.3265,  0.00, -0.36675,  0.00
1582,  0.33651,  0.00, -0.36301,  0.00
1583,  0.34685,  0.00, -0.35852,  0.00
1584,  0.3576,  0.00, -0.35322,  0.00
1585,  0.36881,  0.00, -0.34707,  0.00
1586,  0.38059,  0.00, -0.34001,  0.00
1587,  0.393,  0.00, -0.332,  0.00
